<?xml version="1.0" encoding="UTF-8"?>
<project-private xmlns="http://www.netbeans.org/ns/project-private/1">
    <editor-bookmarks xmlns="http://www.netbeans.org/ns/editor-bookmarks/2" lastBookmarkId="0"/>
    <open-files xmlns="http://www.netbeans.org/ns/projectui-open-files/2">
        <group>
            <file>file:/C:/Users/lesbi/Documents/NetBeansProjects/TonysKinal2018104/src/org/noelaguirre/controller/EmpresaController.java</file>
            <file>file:/C:/Users/lesbi/Documents/NetBeansProjects/TonysKinal2018104/src/org/noelaguirre/controller/EmpleadoController.java</file>
            <file>file:/C:/Users/lesbi/Documents/NetBeansProjects/TonysKinal2018104/src/org/noelaguirre/bean/Empresa.java</file>
            <file>file:/C:/Users/lesbi/Documents/NetBeansProjects/TonysKinal2018104/src/org/noelaguirre/db/Conexion.java</file>
            <file>file:/C:/Users/lesbi/Documents/NetBeansProjects/TonysKinal2018104/src/org/noelaguirre/system/Principal.java</file>
        </group>
    </open-files>
</project-private>
